Pokedex Number,Name,Primary Type,Secondary Type,Height (m),Weight (kg),Total Base Stat,Attack,Defense,HP,Speed,Special Attack,Special Defense,Legendary
1,Bulbasaur,grass,poison,0.7,6.9,318,49,49,45,45,65,65,0
2,Ivysaur,grass,poison,1.0,13.0,405,62,63,60,60,80,80,0
3,Venusaur,grass,poison,2.0,100.0,625,100,123,80,80,122,120,0
4,Charmander,fire,,0.6,8.5,309,52,43,39,65,60,50,0
5,Charmeleon,fire,,1.1,19.0,405,64,58,58,80,80,65,0
6,Charizard,fire,flying,1.7,90.5,634,104,78,78,100,159,115,0
7,Squirtle,water,,0.5,9.0,314,48,65,44,43,50,64,0
8,Wartortle,water,,1.0,22.5,405,63,80,59,58,65,80,0
9,Blastoise,water,,1.6,85.5,630,103,120,79,78,135,115,0
10,Caterpie,bug,,0.3,2.9,195,30,35,45,45,20,20,0
11,Metapod,bug,,0.7,9.9,205,20,55,50,30,25,25,0
12,Butterfree,bug,flying,1.1,32.0,395,45,50,60,70,90,80,0
13,Weedle,bug,poison,0.3,3.2,195,35,30,40,50,20,20,0
14,Kakuna,bug,poison,0.6,10.0,205,25,50,45,35,25,25,0
15,Beedrill,bug,poison,1.0,29.5,495,150,40,65,145,15,80,0
16,Pidgey,normal,flying,0.3,1.8,251,45,40,40,56,35,35,0
17,Pidgeotto,normal,flying,1.1,30.0,349,60,55,63,71,50,50,0
18,Pidgeot,normal,flying,1.5,39.5,579,80,80,83,121,135,80,0
19,Rattata,normal,dark,,,253,56,35,30,72,25,35,0
20,Raticate,normal,dark,,,413,71,70,75,77,40,80,0
21,Spearow,normal,flying,0.3,2.0,262,60,30,40,70,31,31,0
22,Fearow,normal,flying,1.2,38.0,442,90,65,65,100,61,61,0
23,Ekans,poison,,2.0,6.9,288,60,44,35,55,40,54,0
24,Arbok,poison,,3.5,65.0,448,95,69,60,80,65,79,0
25,Pikachu,electric,,0.4,6.0,320,55,40,35,90,50,50,0
26,Raichu,electric,electric,,,485,85,50,60,110,95,85,0
27,Sandshrew,ground,ice,,,300,75,90,50,40,10,35,0
28,Sandslash,ground,ice,,,450,100,120,75,65,25,65,0
29,Nidoran♀,poison,,0.4,7.0,275,47,52,55,41,40,40,0
30,Nidorina,poison,,0.8,20.0,365,62,67,70,56,55,55,0
31,Nidoqueen,poison,ground,1.3,60.0,505,92,87,90,76,75,85,0
32,Nidoran♂,poison,,0.5,9.0,273,57,40,46,50,40,40,0
33,Nidorino,poison,,0.9,19.5,365,72,57,61,65,55,55,0
34,Nidoking,poison,ground,1.4,62.0,505,102,77,81,85,85,75,0
35,Clefairy,fairy,,0.6,7.5,323,45,48,70,35,60,65,0
36,Clefable,fairy,,1.3,40.0,483,70,73,95,60,95,90,0
37,Vulpix,fire,ice,,,299,41,40,38,65,50,65,0
38,Ninetales,fire,ice,,,505,67,75,73,109,81,100,0
39,Jigglypuff,normal,fairy,0.5,5.5,270,45,20,115,20,45,25,0
40,Wigglytuff,normal,fairy,1.0,12.0,435,70,45,140,45,85,50,0
41,Zubat,poison,flying,0.8,7.5,245,45,35,40,55,30,40,0
42,Golbat,poison,flying,1.6,55.0,455,80,70,75,90,65,75,0
43,Oddish,grass,poison,0.5,5.4,320,50,55,45,30,75,65,0
44,Gloom,grass,poison,0.8,8.6,395,65,70,60,40,85,75,0
45,Vileplume,grass,poison,1.2,18.6,490,80,85,75,50,110,90,0
46,Paras,bug,grass,0.3,5.4,285,70,55,35,25,45,55,0
47,Parasect,bug,grass,1.0,29.5,405,95,80,60,30,60,80,0
48,Venonat,bug,poison,1.0,30.0,305,55,50,60,45,40,55,0
49,Venomoth,bug,poison,1.5,12.5,450,65,60,70,90,90,75,0
50,Diglett,ground,ground,,,265,55,30,10,90,35,45,0
51,Dugtrio,ground,ground,,,425,100,60,35,110,50,70,0
52,Meowth,normal,dark,,,290,35,35,40,90,50,40,0
53,Persian,normal,dark,,,440,60,60,65,115,75,65,0
54,Psyduck,water,,0.8,19.6,320,52,48,50,55,65,50,0
55,Golduck,water,,1.7,76.6,500,82,78,80,85,95,80,0
56,Mankey,fighting,,0.5,28.0,305,80,35,40,70,35,45,0
57,Primeape,fighting,,1.0,32.0,455,105,60,65,95,60,70,0
58,Growlithe,fire,,0.7,19.0,350,70,45,55,60,70,50,0
59,Arcanine,fire,,1.9,155.0,555,110,80,90,95,100,80,0
60,Poliwag,water,,0.6,12.4,300,50,40,40,90,40,40,0
61,Poliwhirl,water,,1.0,20.0,385,65,65,65,90,50,50,0
62,Poliwrath,water,fighting,1.3,54.0,510,95,95,90,70,70,90,0
63,Abra,psychic,,0.9,19.5,310,20,15,25,90,105,55,0
64,Kadabra,psychic,,1.3,56.5,400,35,30,40,105,120,70,0
65,Alakazam,psychic,,1.5,48.0,600,50,65,55,150,175,105,0
66,Machop,fighting,,0.8,19.5,305,80,50,70,35,35,35,0
67,Machoke,fighting,,1.5,70.5,405,100,70,80,45,50,60,0
68,Machamp,fighting,,1.6,130.0,505,130,80,90,55,65,85,0
69,Bellsprout,grass,poison,0.7,4.0,300,75,35,50,40,70,30,0
70,Weepinbell,grass,poison,1.0,6.4,390,90,50,65,55,85,45,0
71,Victreebel,grass,poison,1.7,15.5,490,105,65,80,70,100,70,0
72,Tentacool,water,poison,0.9,45.5,335,40,35,40,70,50,100,0
73,Tentacruel,water,poison,1.6,55.0,515,70,65,80,100,80,120,0
74,Geodude,rock,ground,,,300,80,100,40,20,30,30,0
75,Graveler,rock,ground,,,390,95,115,55,35,45,45,0
76,Golem,rock,ground,,,495,120,130,80,45,55,65,0
77,Ponyta,fire,,1.0,30.0,410,85,55,50,90,65,65,0
78,Rapidash,fire,,1.7,95.0,500,100,70,65,105,80,80,0
79,Slowpoke,water,psychic,1.2,36.0,315,65,65,90,15,40,40,0
80,Slowbro,water,psychic,1.6,78.5,590,75,180,95,30,130,80,0
81,Magnemite,electric,steel,0.3,6.0,325,35,70,25,45,95,55,0
82,Magneton,electric,steel,1.0,60.0,465,60,95,50,70,120,70,0
83,Farfetch'd,normal,flying,0.8,15.0,377,90,55,52,60,58,62,0
84,Doduo,normal,flying,1.4,39.2,310,85,45,35,75,35,35,0
85,Dodrio,normal,flying,1.8,85.2,470,110,70,60,110,60,60,0
86,Seel,water,,1.1,90.0,325,45,55,65,45,45,70,0
87,Dewgong,water,ice,1.7,120.0,475,70,80,90,70,70,95,0
88,Grimer,poison,poison,,,325,80,50,80,25,40,50,0
89,Muk,poison,poison,,,500,105,75,105,50,65,100,0
90,Shellder,water,,0.3,4.0,305,65,100,30,40,45,25,0
91,Cloyster,water,ice,1.5,132.5,525,95,180,50,70,85,45,0
92,Gastly,ghost,poison,1.3,0.1,310,35,30,30,80,100,35,0
93,Haunter,ghost,poison,1.6,0.1,405,50,45,45,95,115,55,0
94,Gengar,ghost,poison,1.5,40.5,600,65,80,60,130,170,95,0
95,Onix,rock,ground,8.8,210.0,385,45,160,35,70,30,45,0
96,Drowzee,psychic,,1.0,32.4,328,48,45,60,42,43,90,0
97,Hypno,psychic,,1.6,75.6,483,73,70,85,67,73,115,0
98,Krabby,water,,0.4,6.5,325,105,90,30,50,25,25,0
99,Kingler,water,,1.3,60.0,475,130,115,55,75,50,50,0
100,Voltorb,electric,,0.5,10.4,330,30,50,40,100,55,55,0
101,Electrode,electric,,1.2,66.6,490,50,70,60,150,80,80,0
102,Exeggcute,grass,psychic,0.4,2.5,325,40,80,60,40,60,45,0
103,Exeggutor,grass,psychic,,,530,105,85,95,45,125,75,0
104,Cubone,ground,,0.4,6.5,320,50,95,50,35,40,50,0
105,Marowak,ground,fire,,,425,80,110,60,45,50,80,0
106,Hitmonlee,fighting,,1.5,49.8,455,120,53,50,87,35,110,0
107,Hitmonchan,fighting,,1.4,50.2,455,105,79,50,76,35,110,0
108,Lickitung,normal,,1.2,65.5,385,55,75,90,30,60,75,0
109,Koffing,poison,,0.6,1.0,340,65,95,40,35,60,45,0
110,Weezing,poison,,1.2,9.5,490,90,120,65,60,85,70,0
111,Rhyhorn,ground,rock,1.0,115.0,345,85,95,80,25,30,30,0
112,Rhydon,ground,rock,1.9,120.0,485,130,120,105,40,45,45,0
113,Chansey,normal,,1.1,34.6,450,5,5,250,50,35,105,0
114,Tangela,grass,,1.0,35.0,435,55,115,65,60,100,40,0
115,Kangaskhan,normal,,2.2,80.0,590,125,100,105,100,60,100,0
116,Horsea,water,,0.4,8.0,295,40,70,30,60,70,25,0
117,Seadra,water,,1.2,25.0,440,65,95,55,85,95,45,0
118,Goldeen,water,,0.6,15.0,320,67,60,45,63,35,50,0
119,Seaking,water,,1.3,39.0,450,92,65,80,68,65,80,0
120,Staryu,water,,0.8,34.5,340,45,55,30,85,70,55,0
121,Starmie,water,psychic,1.1,80.0,520,75,85,60,115,100,85,0
122,Mr. Mime,psychic,fairy,1.3,54.5,460,45,65,40,90,100,120,0
123,Scyther,bug,flying,1.5,56.0,500,110,80,70,105,55,80,0
124,Jynx,ice,psychic,1.4,40.6,455,50,35,65,95,115,95,0
125,Electabuzz,electric,,1.1,30.0,490,83,57,65,105,95,85,0
126,Magmar,fire,,1.3,44.5,495,95,57,65,93,100,85,0
127,Pinsir,bug,,1.5,55.0,600,155,120,65,105,65,90,0
128,Tauros,normal,,1.4,88.4,490,100,95,75,110,40,70,0
129,Magikarp,water,,0.9,10.0,200,10,55,20,80,15,20,0
130,Gyarados,water,flying,6.5,235.0,640,155,109,95,81,70,130,0
131,Lapras,water,ice,2.5,220.0,535,85,80,130,60,85,95,0
132,Ditto,normal,,0.3,4.0,288,48,48,48,48,48,48,0
133,Eevee,normal,,0.3,6.5,325,55,50,55,55,45,65,0
134,Vaporeon,water,,1.0,29.0,525,65,60,130,65,110,95,0
135,Jolteon,electric,,0.8,24.5,525,65,60,65,130,110,95,0
136,Flareon,fire,,0.9,25.0,525,130,60,65,65,95,110,0
137,Porygon,normal,,0.8,36.5,395,60,70,65,40,85,75,0
138,Omanyte,rock,water,0.4,7.5,355,40,100,35,35,90,55,0
139,Omastar,rock,water,1.0,35.0,495,60,125,70,55,115,70,0
140,Kabuto,rock,water,0.5,11.5,355,80,90,30,55,55,45,0
141,Kabutops,rock,water,1.3,40.5,495,115,105,60,80,65,70,0
142,Aerodactyl,rock,flying,1.8,59.0,615,135,85,80,150,70,95,0
143,Snorlax,normal,,2.1,460.0,540,110,65,160,30,65,110,0
144,Articuno,ice,flying,1.7,55.4,580,85,100,90,85,95,125,1
145,Zapdos,electric,flying,1.6,52.6,580,90,85,90,100,125,90,1
146,Moltres,fire,flying,2.0,60.0,580,100,90,90,90,125,85,1
147,Dratini,dragon,,1.8,3.3,300,64,45,41,50,50,50,0
148,Dragonair,dragon,,4.0,16.5,420,84,65,61,70,70,70,0
149,Dragonite,dragon,flying,2.2,210.0,600,134,95,91,80,100,100,0
150,Mewtwo,psychic,,2.0,122.0,780,150,70,106,140,194,120,1
151,Mew,psychic,,0.4,4.0,600,100,100,100,100,100,100,1
152,Chikorita,grass,,0.9,6.4,318,49,65,45,45,49,65,0
153,Bayleef,grass,,1.2,15.8,405,62,80,60,60,63,80,0
154,Meganium,grass,,1.8,100.5,525,82,100,80,80,83,100,0
155,Cyndaquil,fire,,0.5,7.9,309,52,43,39,65,60,50,0
156,Quilava,fire,,0.9,19.0,405,64,58,58,80,80,65,0
157,Typhlosion,fire,,1.7,79.5,534,84,78,78,100,109,85,0
158,Totodile,water,,0.6,9.5,314,65,64,50,43,44,48,0
159,Croconaw,water,,1.1,25.0,405,80,80,65,58,59,63,0
160,Feraligatr,water,,2.3,88.8,530,105,100,85,78,79,83,0
161,Sentret,normal,,0.8,6.0,215,46,34,35,20,35,45,0
162,Furret,normal,,1.8,32.5,415,76,64,85,90,45,55,0
163,Hoothoot,normal,flying,0.7,21.2,262,30,30,60,50,36,56,0
164,Noctowl,normal,flying,1.6,40.8,452,50,50,100,70,86,96,0
165,Ledyba,bug,flying,1.0,10.8,265,20,30,40,55,40,80,0
166,Ledian,bug,flying,1.4,35.6,390,35,50,55,85,55,110,0
167,Spinarak,bug,poison,0.5,8.5,250,60,40,40,30,40,40,0
168,Ariados,bug,poison,1.1,33.5,400,90,70,70,40,60,70,0
169,Crobat,poison,flying,1.8,75.0,535,90,80,85,130,70,80,0
170,Chinchou,water,electric,0.5,12.0,330,38,38,75,67,56,56,0
171,Lanturn,water,electric,1.2,22.5,460,58,58,125,67,76,76,0
172,Pichu,electric,,0.3,2.0,205,40,15,20,60,35,35,0
173,Cleffa,fairy,,0.3,3.0,218,25,28,50,15,45,55,0
174,Igglybuff,normal,fairy,0.3,1.0,210,30,15,90,15,40,20,0
175,Togepi,fairy,,0.3,1.5,245,20,65,35,20,40,65,0
176,Togetic,fairy,flying,0.6,3.2,405,40,85,55,40,80,105,0
177,Natu,psychic,flying,0.2,2.0,320,50,45,40,70,70,45,0
178,Xatu,psychic,flying,1.5,15.0,470,75,70,65,95,95,70,0
179,Mareep,electric,,0.6,7.8,280,40,40,55,35,65,45,0
180,Flaaffy,electric,,0.8,13.3,365,55,55,70,45,80,60,0
181,Ampharos,electric,,1.4,61.5,610,95,105,90,45,165,110,0
182,Bellossom,grass,,0.4,5.8,490,80,95,75,50,90,100,0
183,Marill,water,fairy,0.4,8.5,250,20,50,70,40,20,50,0
184,Azumarill,water,fairy,0.8,28.5,420,50,80,100,50,60,80,0
185,Sudowoodo,rock,,1.2,38.0,410,100,115,70,30,30,65,0
186,Politoed,water,,1.1,33.9,500,75,75,90,70,90,100,0
187,Hoppip,grass,flying,0.4,0.5,250,35,40,35,50,35,55,0
188,Skiploom,grass,flying,0.6,1.0,340,45,50,55,80,45,65,0
189,Jumpluff,grass,flying,0.8,3.0,460,55,70,75,110,55,95,0
190,Aipom,normal,,0.8,11.5,360,70,55,55,85,40,55,0
191,Sunkern,grass,,0.3,1.8,180,30,30,30,30,30,30,0
192,Sunflora,grass,,0.8,8.5,425,75,55,75,30,105,85,0
193,Yanma,bug,flying,1.2,38.0,390,65,45,65,95,75,45,0
194,Wooper,water,ground,0.4,8.5,210,45,45,55,15,25,25,0
195,Quagsire,water,ground,1.4,75.0,430,85,85,95,35,65,65,0
196,Espeon,psychic,,0.9,26.5,525,65,60,65,110,130,95,0
197,Umbreon,dark,,1.0,27.0,525,65,110,95,65,60,130,0
198,Murkrow,dark,flying,0.5,2.1,405,85,42,60,91,85,42,0
199,Slowking,water,psychic,2.0,79.5,490,75,80,95,30,100,110,0
200,Misdreavus,ghost,,0.7,1.0,435,60,60,60,85,85,85,0
201,Unown,psychic,,0.5,5.0,336,72,48,48,48,72,48,0
202,Wobbuffet,psychic,,1.3,28.5,405,33,58,190,33,33,58,0
203,Girafarig,normal,psychic,1.5,41.5,455,80,65,70,85,90,65,0
204,Pineco,bug,,0.6,7.2,290,65,90,50,15,35,35,0
205,Forretress,bug,steel,1.2,125.8,465,90,140,75,40,60,60,0
206,Dunsparce,normal,,1.5,14.0,415,70,70,100,45,65,65,0
207,Gligar,ground,flying,1.1,64.8,430,75,105,65,85,35,65,0
208,Steelix,steel,ground,9.2,400.0,610,125,230,75,30,55,95,0
209,Snubbull,fairy,,0.6,7.8,300,80,50,60,30,40,40,0
210,Granbull,fairy,,1.4,48.7,450,120,75,90,45,60,60,0
211,Qwilfish,water,poison,0.5,3.9,440,95,85,65,85,55,55,0
212,Scizor,bug,steel,1.8,118.0,600,150,140,70,75,65,100,0
213,Shuckle,bug,rock,0.6,20.5,505,10,230,20,5,10,230,0
214,Heracross,bug,fighting,1.5,54.0,600,185,115,80,75,40,105,0
215,Sneasel,dark,ice,0.9,28.0,430,95,55,55,115,35,75,0
216,Teddiursa,normal,,0.6,8.8,330,80,50,60,40,50,50,0
217,Ursaring,normal,,1.8,125.8,500,130,75,90,55,75,75,0
218,Slugma,fire,,0.7,35.0,250,40,40,40,20,70,40,0
219,Magcargo,fire,rock,0.8,55.0,430,50,120,60,30,90,80,0
220,Swinub,ice,ground,0.4,6.5,250,50,40,50,50,30,30,0
221,Piloswine,ice,ground,1.1,55.8,450,100,80,100,50,60,60,0
222,Corsola,water,rock,0.6,5.0,410,55,95,65,35,65,95,0
223,Remoraid,water,,0.6,12.0,300,65,35,35,65,65,35,0
224,Octillery,water,,0.9,28.5,480,105,75,75,45,105,75,0
225,Delibird,ice,flying,0.9,16.0,330,55,45,45,75,65,45,0
226,Mantine,water,flying,2.1,220.0,485,40,70,85,70,80,140,0
227,Skarmory,steel,flying,1.7,50.5,465,80,140,65,70,40,70,0
228,Houndour,dark,fire,0.6,10.8,330,60,30,45,65,80,50,0
229,Houndoom,dark,fire,1.4,35.0,600,90,90,75,115,140,90,0
230,Kingdra,water,dragon,1.8,152.0,540,95,95,75,85,95,95,0
231,Phanpy,ground,,0.5,33.5,330,60,60,90,40,40,40,0
232,Donphan,ground,,1.1,120.0,500,120,120,90,50,60,60,0
233,Porygon2,normal,,0.6,32.5,515,80,90,85,60,105,95,0
234,Stantler,normal,,1.4,71.2,465,95,62,73,85,85,65,0
235,Smeargle,normal,,1.2,58.0,250,20,35,55,75,20,45,0
236,Tyrogue,fighting,,0.7,21.0,210,35,35,35,35,35,35,0
237,Hitmontop,fighting,,1.4,48.0,455,95,95,50,70,35,110,0
238,Smoochum,ice,psychic,0.4,6.0,305,30,15,45,65,85,65,0
239,Elekid,electric,,0.6,23.5,360,63,37,45,95,65,55,0
240,Magby,fire,,0.7,21.4,365,75,37,45,83,70,55,0
241,Miltank,normal,,1.2,75.5,490,80,105,95,100,40,70,0
242,Blissey,normal,,1.5,46.8,540,10,10,255,55,75,135,0
243,Raikou,electric,,1.9,178.0,580,85,75,90,115,115,100,1
244,Entei,fire,,2.1,198.0,580,115,85,115,100,90,75,1
245,Suicune,water,,2.0,187.0,580,75,115,100,85,90,115,1
246,Larvitar,rock,ground,0.6,72.0,300,64,50,50,41,45,50,0
247,Pupitar,rock,ground,1.2,152.0,410,84,70,70,51,65,70,0
248,Tyranitar,rock,dark,2.0,202.0,700,164,150,100,71,95,120,0
249,Lugia,psychic,flying,5.2,216.0,680,90,130,106,110,90,154,1
250,Ho-Oh,fire,flying,3.8,199.0,680,130,90,106,90,110,154,1
251,Celebi,psychic,grass,0.6,5.0,600,100,100,100,100,100,100,1
252,Treecko,grass,,0.5,5.0,310,45,35,40,70,65,55,0
253,Grovyle,grass,,0.9,21.6,405,65,45,50,95,85,65,0
254,Sceptile,grass,,1.7,52.2,630,110,75,70,145,145,85,0
255,Torchic,fire,,0.4,2.5,310,60,40,45,45,70,50,0
256,Combusken,fire,fighting,0.9,19.5,405,85,60,60,55,85,60,0
257,Blaziken,fire,fighting,1.9,52.0,630,160,80,80,100,130,80,0
258,Mudkip,water,,0.4,7.6,310,70,50,50,40,50,50,0
259,Marshtomp,water,ground,0.7,28.0,405,85,70,70,50,60,70,0
260,Swampert,water,ground,1.5,81.9,635,150,110,100,70,95,110,0
261,Poochyena,dark,,0.5,13.6,220,55,35,35,35,30,30,0
262,Mightyena,dark,,1.0,37.0,420,90,70,70,70,60,60,0
263,Zigzagoon,normal,,0.4,17.5,240,30,41,38,60,30,41,0
264,Linoone,normal,,0.5,32.5,420,70,61,78,100,50,61,0
265,Wurmple,bug,,0.3,3.6,195,45,35,45,20,20,30,0
266,Silcoon,bug,,0.6,10.0,205,35,55,50,15,25,25,0
267,Beautifly,bug,flying,1.0,28.4,395,70,50,60,65,100,50,0
268,Cascoon,bug,,0.7,11.5,205,35,55,50,15,25,25,0
269,Dustox,bug,poison,1.2,31.6,385,50,70,60,65,50,90,0
270,Lotad,water,grass,0.5,2.6,220,30,30,40,30,40,50,0
271,Lombre,water,grass,1.2,32.5,340,50,50,60,50,60,70,0
272,Ludicolo,water,grass,1.5,55.0,480,70,70,80,70,90,100,0
273,Seedot,grass,,0.5,4.0,220,40,50,40,30,30,30,0
274,Nuzleaf,grass,dark,1.0,28.0,340,70,40,70,60,60,40,0
275,Shiftry,grass,dark,1.3,59.6,480,100,60,90,80,90,60,0
276,Taillow,normal,flying,0.3,2.3,270,55,30,40,85,30,30,0
277,Swellow,normal,flying,0.7,19.8,455,85,60,60,125,75,50,0
278,Wingull,water,flying,0.6,9.5,270,30,30,40,85,55,30,0
279,Pelipper,water,flying,1.2,28.0,440,50,100,60,65,95,70,0
280,Ralts,psychic,fairy,0.4,6.6,198,25,25,28,40,45,35,0
281,Kirlia,psychic,fairy,0.8,20.2,278,35,35,38,50,65,55,0
282,Gardevoir,psychic,fairy,1.6,48.4,618,85,65,68,100,165,135,0
283,Surskit,bug,water,0.5,1.7,269,30,32,40,65,50,52,0
284,Masquerain,bug,flying,0.8,3.6,454,60,62,70,80,100,82,0
285,Shroomish,grass,,0.4,4.5,295,40,60,60,35,40,60,0
286,Breloom,grass,fighting,1.2,39.2,460,130,80,60,70,60,60,0
287,Slakoth,normal,,0.8,24.0,280,60,60,60,30,35,35,0
288,Vigoroth,normal,,1.4,46.5,440,80,80,80,90,55,55,0
289,Slaking,normal,,2.0,130.5,670,160,100,150,100,95,65,0
290,Nincada,bug,ground,0.5,5.5,266,45,90,31,40,30,30,0
291,Ninjask,bug,flying,0.8,12.0,456,90,45,61,160,50,50,0
292,Shedinja,bug,ghost,0.8,1.2,236,90,45,1,40,30,30,0
293,Whismur,normal,,0.6,16.3,240,51,23,64,28,51,23,0
294,Loudred,normal,,1.0,40.5,360,71,43,84,48,71,43,0
295,Exploud,normal,,1.5,84.0,490,91,63,104,68,91,73,0
296,Makuhita,fighting,,1.0,86.4,237,60,30,72,25,20,30,0
297,Hariyama,fighting,,2.3,253.8,474,120,60,144,50,40,60,0
298,Azurill,normal,fairy,0.2,2.0,190,20,40,50,20,20,40,0
299,Nosepass,rock,,1.0,97.0,375,45,135,30,30,45,90,0
300,Skitty,normal,,0.6,11.0,260,45,45,50,50,35,35,0
301,Delcatty,normal,,1.1,32.6,400,65,65,70,90,55,55,0
302,Sableye,dark,ghost,0.5,11.0,480,85,125,50,20,85,115,0
303,Mawile,steel,fairy,0.6,11.5,480,105,125,50,50,55,95,0
304,Aron,steel,rock,0.4,60.0,330,70,100,50,30,40,40,0
305,Lairon,steel,rock,0.9,120.0,430,90,140,60,40,50,50,0
306,Aggron,steel,rock,2.1,360.0,630,140,230,70,50,60,80,0
307,Meditite,fighting,psychic,0.6,11.2,280,40,55,30,60,40,55,0
308,Medicham,fighting,psychic,1.3,31.5,510,100,85,60,100,80,85,0
309,Electrike,electric,,0.6,15.2,295,45,40,40,65,65,40,0
310,Manectric,electric,,1.5,40.2,575,75,80,70,135,135,80,0
311,Plusle,electric,,0.4,4.2,405,50,40,60,95,85,75,0
312,Minun,electric,,0.4,4.2,405,40,50,60,95,75,85,0
313,Volbeat,bug,,0.7,17.7,430,73,75,65,85,47,85,0
314,Illumise,bug,,0.6,17.7,430,47,75,65,85,73,85,0
315,Roselia,grass,poison,0.3,2.0,400,60,45,50,65,100,80,0
316,Gulpin,poison,,0.4,10.3,302,43,53,70,40,43,53,0
317,Swalot,poison,,1.7,80.0,467,73,83,100,55,73,83,0
318,Carvanha,water,dark,0.8,20.8,305,90,20,45,65,65,20,0
319,Sharpedo,water,dark,1.8,88.8,560,140,70,70,105,110,65,0
320,Wailmer,water,,2.0,130.0,400,70,35,130,60,70,35,0
321,Wailord,water,,14.5,398.0,500,90,45,170,60,90,45,0
322,Numel,fire,ground,0.7,24.0,305,60,40,60,35,65,45,0
323,Camerupt,fire,ground,1.9,220.0,560,120,100,70,20,145,105,0
324,Torkoal,fire,,0.5,80.4,470,85,140,70,20,85,70,0
325,Spoink,psychic,,0.7,30.6,330,25,35,60,60,70,80,0
326,Grumpig,psychic,,0.9,71.5,470,45,65,80,80,90,110,0
327,Spinda,normal,,1.1,5.0,360,60,60,60,60,60,60,0
328,Trapinch,ground,,0.7,15.0,290,100,45,45,10,45,45,0
329,Vibrava,ground,dragon,1.1,15.3,340,70,50,50,70,50,50,0
330,Flygon,ground,dragon,2.0,82.0,520,100,80,80,100,80,80,0
331,Cacnea,grass,,0.4,51.3,335,85,40,50,35,85,40,0
332,Cacturne,grass,dark,1.3,77.4,475,115,60,70,55,115,60,0
333,Swablu,normal,flying,0.4,1.2,310,40,60,45,50,40,75,0
334,Altaria,dragon,flying,1.1,20.6,590,110,110,75,80,110,105,0
335,Zangoose,normal,,1.3,40.3,458,115,60,73,90,60,60,0
336,Seviper,poison,,2.7,52.5,458,100,60,73,65,100,60,0
337,Lunatone,rock,psychic,1.0,168.0,460,55,65,90,70,95,85,0
338,Solrock,rock,psychic,1.2,154.0,460,95,85,90,70,55,65,0
339,Barboach,water,ground,0.4,1.9,288,48,43,50,60,46,41,0
340,Whiscash,water,ground,0.9,23.6,468,78,73,110,60,76,71,0
341,Corphish,water,,0.6,11.5,308,80,65,43,35,50,35,0
342,Crawdaunt,water,dark,1.1,32.8,468,120,85,63,55,90,55,0
343,Baltoy,ground,psychic,0.5,21.5,300,40,55,40,55,40,70,0
344,Claydol,ground,psychic,1.5,108.0,500,70,105,60,75,70,120,0
345,Lileep,rock,grass,1.0,23.8,355,41,77,66,23,61,87,0
346,Cradily,rock,grass,1.5,60.4,495,81,97,86,43,81,107,0
347,Anorith,rock,bug,0.7,12.5,355,95,50,45,75,40,50,0
348,Armaldo,rock,bug,1.5,68.2,495,125,100,75,45,70,80,0
349,Feebas,water,,0.6,7.4,200,15,20,20,80,10,55,0
350,Milotic,water,,6.2,162.0,540,60,79,95,81,100,125,0
351,Castform,normal,,0.3,0.8,420,70,70,70,70,70,70,0
352,Kecleon,normal,,1.0,22.0,440,90,70,60,40,60,120,0
353,Shuppet,ghost,,0.6,2.3,295,75,35,44,45,63,33,0
354,Banette,ghost,,1.1,12.5,555,165,75,64,75,93,83,0
355,Duskull,ghost,,0.8,15.0,295,40,90,20,25,30,90,0
356,Dusclops,ghost,,1.6,30.6,455,70,130,40,25,60,130,0
357,Tropius,grass,flying,2.0,100.0,460,68,83,99,51,72,87,0
358,Chimecho,psychic,,0.6,1.0,455,50,80,75,65,95,90,0
359,Absol,dark,,1.2,47.0,565,150,60,65,115,115,60,0
360,Wynaut,psychic,,0.6,14.0,260,23,48,95,23,23,48,0
361,Snorunt,ice,,0.7,16.8,300,50,50,50,50,50,50,0
362,Glalie,ice,,1.5,256.5,580,120,80,80,100,120,80,0
363,Spheal,ice,water,0.8,39.5,290,40,50,70,25,55,50,0
364,Sealeo,ice,water,1.1,87.6,410,60,70,90,45,75,70,0
365,Walrein,ice,water,1.4,150.6,530,80,90,110,65,95,90,0
366,Clamperl,water,,0.4,52.5,345,64,85,35,32,74,55,0
367,Huntail,water,,1.7,27.0,485,104,105,55,52,94,75,0
368,Gorebyss,water,,1.8,22.6,485,84,105,55,52,114,75,0
369,Relicanth,water,rock,1.0,23.4,485,90,130,100,55,45,65,0
370,Luvdisc,water,,0.6,8.7,330,30,55,43,97,40,65,0
371,Bagon,dragon,,0.6,42.1,300,75,60,45,50,40,30,0
372,Shelgon,dragon,,1.1,110.5,420,95,100,65,50,60,50,0
373,Salamence,dragon,flying,1.5,102.6,700,145,130,95,120,120,90,0
374,Beldum,steel,psychic,0.6,95.2,300,55,80,40,30,35,60,0
375,Metang,steel,psychic,1.2,202.5,420,75,100,60,50,55,80,0
376,Metagross,steel,psychic,1.6,550.0,700,145,150,80,110,105,110,0
377,Regirock,rock,,1.7,230.0,580,100,200,80,50,50,100,1
378,Regice,ice,,1.8,175.0,580,50,100,80,50,100,200,1
379,Registeel,steel,,1.9,205.0,580,75,150,80,50,75,150,1
380,Latias,dragon,psychic,1.4,40.0,700,100,120,80,110,140,150,1
381,Latios,dragon,psychic,2.0,60.0,700,130,100,80,110,160,120,1
382,Kyogre,water,,4.5,352.0,770,150,90,100,90,180,160,1
383,Groudon,ground,,3.5,950.0,770,180,160,100,90,150,90,1
384,Rayquaza,dragon,flying,7.0,206.5,780,180,100,105,115,180,100,1
385,Jirachi,steel,psychic,0.3,1.1,600,100,100,100,100,100,100,1
386,Deoxys,psychic,,1.7,60.8,600,95,90,50,180,95,90,1
387,Turtwig,grass,,0.4,10.2,318,68,64,55,31,45,55,0
388,Grotle,grass,,1.1,97.0,405,89,85,75,36,55,65,0
389,Torterra,grass,ground,2.2,310.0,525,109,105,95,56,75,85,0
390,Chimchar,fire,,0.5,6.2,309,58,44,44,61,58,44,0
391,Monferno,fire,fighting,0.9,22.0,405,78,52,64,81,78,52,0
392,Infernape,fire,fighting,1.2,55.0,534,104,71,76,108,104,71,0
393,Piplup,water,,0.4,5.2,314,51,53,53,40,61,56,0
394,Prinplup,water,,0.8,23.0,405,66,68,64,50,81,76,0
395,Empoleon,water,steel,1.7,84.5,530,86,88,84,60,111,101,0
396,Starly,normal,flying,0.3,2.0,245,55,30,40,60,30,30,0
397,Staravia,normal,flying,0.6,15.5,340,75,50,55,80,40,40,0
398,Staraptor,normal,flying,1.2,24.9,485,120,70,85,100,50,60,0
399,Bidoof,normal,,0.5,20.0,250,45,40,59,31,35,40,0
400,Bibarel,normal,water,1.0,31.5,410,85,60,79,71,55,60,0
401,Kricketot,bug,,0.3,2.2,194,25,41,37,25,25,41,0
402,Kricketune,bug,,1.0,25.5,384,85,51,77,65,55,51,0
403,Shinx,electric,,0.5,9.5,263,65,34,45,45,40,34,0
404,Luxio,electric,,0.9,30.5,363,85,49,60,60,60,49,0
405,Luxray,electric,,1.4,42.0,523,120,79,80,70,95,79,0
406,Budew,grass,poison,0.2,1.2,280,30,35,40,55,50,70,0
407,Roserade,grass,poison,0.9,14.5,515,70,65,60,90,125,105,0
408,Cranidos,rock,,0.9,31.5,350,125,40,67,58,30,30,0
409,Rampardos,rock,,1.6,102.5,495,165,60,97,58,65,50,0
410,Shieldon,rock,steel,0.5,57.0,350,42,118,30,30,42,88,0
411,Bastiodon,rock,steel,1.3,149.5,495,52,168,60,30,47,138,0
412,Burmy,bug,,0.2,3.4,224,29,45,40,36,29,45,0
413,Wormadam,bug,grass,0.5,6.5,424,69,95,60,36,69,95,0
414,Mothim,bug,flying,0.9,23.3,424,94,50,70,66,94,50,0
415,Combee,bug,flying,0.3,5.5,244,30,42,30,70,30,42,0
416,Vespiquen,bug,flying,1.2,38.5,474,80,102,70,40,80,102,0
417,Pachirisu,electric,,0.4,3.9,405,45,70,60,95,45,90,0
418,Buizel,water,,0.7,29.5,330,65,35,55,85,60,30,0
419,Floatzel,water,,1.1,33.5,495,105,55,85,115,85,50,0
420,Cherubi,grass,,0.4,3.3,275,35,45,45,35,62,53,0
421,Cherrim,grass,,0.5,9.3,450,60,70,70,85,87,78,0
422,Shellos,water,,0.3,6.3,325,48,48,76,34,57,62,0
423,Gastrodon,water,ground,0.9,29.9,475,83,68,111,39,92,82,0
424,Ambipom,normal,,1.2,20.3,482,100,66,75,115,60,66,0
425,Drifloon,ghost,flying,0.4,1.2,348,50,34,90,70,60,44,0
426,Drifblim,ghost,flying,1.2,15.0,498,80,44,150,80,90,54,0
427,Buneary,normal,,0.4,5.5,350,66,44,55,85,44,56,0
428,Lopunny,normal,,1.2,33.3,580,136,94,65,135,54,96,0
429,Mismagius,ghost,,0.9,4.4,495,60,60,60,105,105,105,0
430,Honchkrow,dark,flying,0.9,27.3,505,125,52,100,71,105,52,0
431,Glameow,normal,,0.5,3.9,310,55,42,49,85,42,37,0
432,Purugly,normal,,1.0,43.8,452,82,64,71,112,64,59,0
433,Chingling,psychic,,0.2,0.6,285,30,50,45,45,65,50,0
434,Stunky,poison,dark,0.4,19.2,329,63,47,63,74,41,41,0
435,Skuntank,poison,dark,1.0,38.0,479,93,67,103,84,71,61,0
436,Bronzor,steel,psychic,0.5,60.5,300,24,86,57,23,24,86,0
437,Bronzong,steel,psychic,1.3,187.0,500,89,116,67,33,79,116,0
438,Bonsly,rock,,0.5,15.0,290,80,95,50,10,10,45,0
439,Mime Jr.,psychic,fairy,0.6,13.0,310,25,45,20,60,70,90,0
440,Happiny,normal,,0.6,24.4,220,5,5,100,30,15,65,0
441,Chatot,normal,flying,0.5,1.9,411,65,45,76,91,92,42,0
442,Spiritomb,ghost,dark,1.0,108.0,485,92,108,50,35,92,108,0
443,Gible,dragon,ground,0.7,20.5,300,70,45,58,42,40,45,0
444,Gabite,dragon,ground,1.4,56.0,410,90,65,68,82,50,55,0
445,Garchomp,dragon,ground,1.9,95.0,700,170,115,108,92,120,95,0
446,Munchlax,normal,,0.6,105.0,390,85,40,135,5,40,85,0
447,Riolu,fighting,,0.7,20.2,285,70,40,40,60,35,40,0
448,Lucario,fighting,steel,1.2,54.0,625,145,88,70,112,140,70,0
449,Hippopotas,ground,,0.8,49.5,330,72,78,68,32,38,42,0
450,Hippowdon,ground,,2.0,300.0,525,112,118,108,47,68,72,0
451,Skorupi,poison,bug,0.8,12.0,330,50,90,40,65,30,55,0
452,Drapion,poison,dark,1.3,61.5,500,90,110,70,95,60,75,0
453,Croagunk,poison,fighting,0.7,23.0,300,61,40,48,50,61,40,0
454,Toxicroak,poison,fighting,1.3,44.4,490,106,65,83,85,86,65,0
455,Carnivine,grass,,1.4,27.0,454,100,72,74,46,90,72,0
456,Finneon,water,,0.4,7.0,330,49,56,49,66,49,61,0
457,Lumineon,water,,1.2,24.0,460,69,76,69,91,69,86,0
458,Mantyke,water,flying,1.0,65.0,345,20,50,45,50,60,120,0
459,Snover,grass,ice,1.0,50.5,334,62,50,60,40,62,60,0
460,Abomasnow,grass,ice,2.2,135.5,594,132,105,90,30,132,105,0
461,Weavile,dark,ice,1.1,34.0,510,120,65,70,125,45,85,0
462,Magnezone,electric,steel,1.2,180.0,535,70,115,70,60,130,90,0
463,Lickilicky,normal,,1.7,140.0,515,85,95,110,50,80,95,0
464,Rhyperior,ground,rock,2.4,282.8,535,140,130,115,40,55,55,0
465,Tangrowth,grass,,2.0,128.6,535,100,125,100,50,110,50,0
466,Electivire,electric,,1.8,138.6,540,123,67,75,95,95,85,0
467,Magmortar,fire,,1.6,68.0,540,95,67,75,83,125,95,0
468,Togekiss,fairy,flying,1.5,38.0,545,50,95,85,80,120,115,0
469,Yanmega,bug,flying,1.9,51.5,515,76,86,86,95,116,56,0
470,Leafeon,grass,,1.0,25.5,525,110,130,65,95,60,65,0
471,Glaceon,ice,,0.8,25.9,525,60,110,65,65,130,95,0
472,Gliscor,ground,flying,2.0,42.5,510,95,125,75,95,45,75,0
473,Mamoswine,ice,ground,2.5,291.0,530,130,80,110,80,70,60,0
474,Porygon-Z,normal,,0.9,34.0,535,80,70,85,90,135,75,0
475,Gallade,psychic,fighting,1.6,52.0,618,165,95,68,110,65,115,0
476,Probopass,rock,steel,1.4,340.0,525,55,145,60,40,75,150,0
477,Dusknoir,ghost,,2.2,106.6,525,100,135,45,45,65,135,0
478,Froslass,ice,ghost,1.3,26.6,480,80,70,70,110,80,70,0
479,Rotom,electric,ghost,0.3,0.3,520,65,107,50,86,105,107,0
480,Uxie,psychic,,0.3,0.3,580,75,130,75,95,75,130,1
481,Mesprit,psychic,,0.3,0.3,580,105,105,80,80,105,105,1
482,Azelf,psychic,,0.3,0.3,580,125,70,75,115,125,70,1
483,Dialga,steel,dragon,5.4,683.0,680,120,120,100,90,150,100,1
484,Palkia,water,dragon,4.2,336.0,680,120,100,90,100,150,120,1
485,Heatran,fire,steel,1.7,430.0,600,90,106,91,77,130,106,1
486,Regigigas,normal,,3.7,420.0,670,160,110,110,100,80,110,1
487,Giratina,ghost,dragon,4.5,750.0,680,120,100,150,90,120,100,1
488,Cresselia,psychic,,1.5,85.6,600,70,120,120,85,75,130,1
489,Phione,water,,0.4,3.1,480,80,80,80,80,80,80,0
490,Manaphy,water,,0.3,1.4,600,100,100,100,100,100,100,1
491,Darkrai,dark,,1.5,50.5,600,90,90,70,125,135,90,1
492,Shaymin,grass,grass,0.2,2.1,600,103,75,100,127,120,75,1
493,Arceus,normal,,3.2,320.0,720,120,120,120,120,120,120,1
494,Victini,psychic,fire,0.4,4.0,600,100,100,100,100,100,100,1
495,Snivy,grass,,0.6,8.1,308,45,55,45,63,45,55,0
496,Servine,grass,,0.8,16.0,413,60,75,60,83,60,75,0
497,Serperior,grass,,3.3,63.0,528,75,95,75,113,75,95,0
498,Tepig,fire,,0.5,9.9,308,63,45,65,45,45,45,0
499,Pignite,fire,fighting,1.0,55.5,418,93,55,90,55,70,55,0
500,Emboar,fire,fighting,1.6,150.0,528,123,65,110,65,100,65,0
501,Oshawott,water,,0.5,5.9,308,55,45,55,45,63,45,0
502,Dewott,water,,0.8,24.5,413,75,60,75,60,83,60,0
503,Samurott,water,,1.5,94.6,528,100,85,95,70,108,70,0
504,Patrat,normal,,0.5,11.6,255,55,39,45,42,35,39,0
505,Watchog,normal,,1.1,27.0,420,85,69,60,77,60,69,0
506,Lillipup,normal,,0.4,4.1,275,60,45,45,55,25,45,0
507,Herdier,normal,,0.9,14.7,370,80,65,65,60,35,65,0
508,Stoutland,normal,,1.2,61.0,500,110,90,85,80,45,90,0
509,Purrloin,dark,,0.4,10.1,281,50,37,41,66,50,37,0
510,Liepard,dark,,1.1,37.5,446,88,50,64,106,88,50,0
511,Pansage,grass,,0.6,10.5,316,53,48,50,64,53,48,0
512,Simisage,grass,,1.1,30.5,498,98,63,75,101,98,63,0
513,Pansear,fire,,0.6,11.0,316,53,48,50,64,53,48,0
514,Simisear,fire,,1.0,28.0,498,98,63,75,101,98,63,0
515,Panpour,water,,0.6,13.5,316,53,48,50,64,53,48,0
516,Simipour,water,,1.0,29.0,498,98,63,75,101,98,63,0
517,Munna,psychic,,0.6,23.3,292,25,45,76,24,67,55,0
518,Musharna,psychic,,1.1,60.5,487,55,85,116,29,107,95,0
519,Pidove,normal,flying,0.3,2.1,264,55,50,50,43,36,30,0
520,Tranquill,normal,flying,0.6,15.0,358,77,62,62,65,50,42,0
521,Unfezant,normal,flying,1.2,29.0,488,115,80,80,93,65,55,0
522,Blitzle,electric,,0.8,29.8,295,60,32,45,76,50,32,0
523,Zebstrika,electric,,1.6,79.5,497,100,63,75,116,80,63,0
524,Roggenrola,rock,,0.4,18.0,280,75,85,55,15,25,25,0
525,Boldore,rock,,0.9,102.0,390,105,105,70,20,50,40,0
526,Gigalith,rock,,1.7,260.0,515,135,130,85,25,60,80,0
527,Woobat,psychic,flying,0.4,2.1,323,45,43,65,72,55,43,0
528,Swoobat,psychic,flying,0.9,10.5,425,57,55,67,114,77,55,0
529,Drilbur,ground,,0.3,8.5,328,85,40,60,68,30,45,0
530,Excadrill,ground,steel,0.7,40.4,508,135,60,110,88,50,65,0
531,Audino,normal,,1.1,31.0,545,60,126,103,50,80,126,0
532,Timburr,fighting,,0.6,12.5,305,80,55,75,35,25,35,0
533,Gurdurr,fighting,,1.2,40.0,405,105,85,85,40,40,50,0
534,Conkeldurr,fighting,,1.4,87.0,505,140,95,105,45,55,65,0
535,Tympole,water,,0.5,4.5,294,50,40,50,64,50,40,0
536,Palpitoad,water,ground,0.8,17.0,384,65,55,75,69,65,55,0
537,Seismitoad,water,ground,1.5,62.0,509,95,75,105,74,85,75,0
538,Throh,fighting,,1.3,55.5,465,100,85,120,45,30,85,0
539,Sawk,fighting,,1.4,51.0,465,125,75,75,85,30,75,0
540,Sewaddle,bug,grass,0.3,2.5,310,53,70,45,42,40,60,0
541,Swadloon,bug,grass,0.5,7.3,380,63,90,55,42,50,80,0
542,Leavanny,bug,grass,1.2,20.5,500,103,80,75,92,70,80,0
543,Venipede,bug,poison,0.4,5.3,260,45,59,30,57,30,39,0
544,Whirlipede,bug,poison,1.2,58.5,360,55,99,40,47,40,79,0
545,Scolipede,bug,poison,2.5,200.5,485,100,89,60,112,55,69,0
546,Cottonee,grass,fairy,0.3,0.6,280,27,60,40,66,37,50,0
547,Whimsicott,grass,fairy,0.7,6.6,480,67,85,60,116,77,75,0
548,Petilil,grass,,0.5,6.6,280,35,50,45,30,70,50,0
549,Lilligant,grass,,1.1,16.3,480,60,75,70,90,110,75,0
550,Basculin,water,,1.0,18.0,460,92,65,70,98,80,55,0
551,Sandile,ground,dark,0.7,15.2,292,72,35,50,65,35,35,0
552,Krokorok,ground,dark,1.0,33.4,351,82,45,60,74,45,45,0
553,Krookodile,ground,dark,1.5,96.3,519,117,80,95,92,65,70,0
554,Darumaka,fire,,0.6,37.5,315,90,45,70,50,15,45,0
555,Darmanitan,fire,fire,1.3,92.9,540,30,105,105,55,140,105,0
556,Maractus,grass,,1.0,28.0,461,86,67,75,60,106,67,0
557,Dwebble,bug,rock,0.3,14.5,325,65,85,50,55,35,35,0
558,Crustle,bug,rock,1.4,200.0,485,105,125,70,45,65,75,0
559,Scraggy,dark,fighting,0.6,11.8,348,75,70,50,48,35,70,0
560,Scrafty,dark,fighting,1.1,30.0,488,90,115,65,58,45,115,0
561,Sigilyph,psychic,flying,1.4,14.0,490,58,80,72,97,103,80,0
562,Yamask,ghost,,0.5,1.5,303,30,85,38,30,55,65,0
563,Cofagrigus,ghost,,1.7,76.5,483,50,145,58,30,95,105,0
564,Tirtouga,water,rock,0.7,16.5,355,78,103,54,22,53,45,0
565,Carracosta,water,rock,1.2,81.0,495,108,133,74,32,83,65,0
566,Archen,rock,flying,0.5,9.5,401,112,45,55,70,74,45,0
567,Archeops,rock,flying,1.4,32.0,567,140,65,75,110,112,65,0
568,Trubbish,poison,,0.6,31.0,329,50,62,50,65,40,62,0
569,Garbodor,poison,,1.9,107.3,474,95,82,80,75,60,82,0
570,Zorua,dark,,0.7,12.5,330,65,40,40,65,80,40,0
571,Zoroark,dark,,1.6,81.1,510,105,60,60,105,120,60,0
572,Minccino,normal,,0.4,5.8,300,50,40,55,75,40,40,0
573,Cinccino,normal,,0.5,7.5,470,95,60,75,115,65,60,0
574,Gothita,psychic,,0.4,5.8,290,30,50,45,45,55,65,0
575,Gothorita,psychic,,0.7,18.0,390,45,70,60,55,75,85,0
576,Gothitelle,psychic,,1.5,44.0,490,55,95,70,65,95,110,0
577,Solosis,psychic,,0.3,1.0,290,30,40,45,20,105,50,0
578,Duosion,psychic,,0.6,8.0,370,40,50,65,30,125,60,0
579,Reuniclus,psychic,,1.0,20.1,490,65,75,110,30,125,85,0
580,Ducklett,water,flying,0.5,5.5,305,44,50,62,55,44,50,0
581,Swanna,water,flying,1.3,24.2,473,87,63,75,98,87,63,0
582,Vanillite,ice,,0.4,5.7,305,50,50,36,44,65,60,0
583,Vanillish,ice,,1.1,41.0,395,65,65,51,59,80,75,0
584,Vanilluxe,ice,,1.3,57.5,535,95,85,71,79,110,95,0
585,Deerling,normal,grass,0.6,19.5,335,60,50,60,75,40,50,0
586,Sawsbuck,normal,grass,1.9,92.5,475,100,70,80,95,60,70,0
587,Emolga,electric,flying,0.4,5.0,428,75,60,55,103,75,60,0
588,Karrablast,bug,,0.5,5.9,315,75,45,50,60,40,45,0
589,Escavalier,bug,steel,1.0,33.0,495,135,105,70,20,60,105,0
590,Foongus,grass,poison,0.2,1.0,294,55,45,69,15,55,55,0
591,Amoonguss,grass,poison,0.6,10.5,464,85,70,114,30,85,80,0
592,Frillish,water,ghost,1.2,33.0,335,40,50,55,40,65,85,0
593,Jellicent,water,ghost,2.2,135.0,480,60,70,100,60,85,105,0
594,Alomomola,water,,1.2,31.6,470,75,80,165,65,40,45,0
595,Joltik,bug,electric,0.1,0.6,319,47,50,50,65,57,50,0
596,Galvantula,bug,electric,0.8,14.3,472,77,60,70,108,97,60,0
597,Ferroseed,grass,steel,0.6,18.8,305,50,91,44,10,24,86,0
598,Ferrothorn,grass,steel,1.0,110.0,489,94,131,74,20,54,116,0
599,Klink,steel,,0.3,21.0,300,55,70,40,30,45,60,0
600,Klang,steel,,0.6,51.0,440,80,95,60,50,70,85,0
601,Klinklang,steel,,0.6,81.0,520,100,115,60,90,70,85,0
602,Tynamo,electric,,0.2,0.3,275,55,40,35,60,45,40,0
603,Eelektrik,electric,,1.2,22.0,405,85,70,65,40,75,70,0
604,Eelektross,electric,,2.1,80.5,515,115,80,85,50,105,80,0
605,Elgyem,psychic,,0.5,9.0,335,55,55,55,30,85,55,0
606,Beheeyem,psychic,,1.0,34.5,485,75,75,75,40,125,95,0
607,Litwick,ghost,fire,0.3,3.1,275,30,55,50,20,65,55,0
608,Lampent,ghost,fire,0.6,13.0,370,40,60,60,55,95,60,0
609,Chandelure,ghost,fire,1.0,34.3,520,55,90,60,80,145,90,0
610,Axew,dragon,,0.6,18.0,320,87,60,46,57,30,40,0
611,Fraxure,dragon,,1.0,36.0,410,117,70,66,67,40,50,0
612,Haxorus,dragon,,1.8,105.5,540,147,90,76,97,60,70,0
613,Cubchoo,ice,,0.5,8.5,305,70,40,55,40,60,40,0
614,Beartic,ice,,2.6,260.0,505,130,80,95,50,70,80,0
615,Cryogonal,ice,,1.1,148.0,515,50,50,80,105,95,135,0
616,Shelmet,bug,,0.4,7.7,305,40,85,50,25,40,65,0
617,Accelgor,bug,,0.8,25.3,495,70,40,80,145,100,60,0
618,Stunfisk,ground,electric,0.7,11.0,471,66,84,109,32,81,99,0
619,Mienfoo,fighting,,0.9,20.0,350,85,50,45,65,55,50,0
620,Mienshao,fighting,,1.4,35.5,510,125,60,65,105,95,60,0
621,Druddigon,dragon,,1.6,139.0,485,120,90,77,48,60,90,0
622,Golett,ground,ghost,1.0,92.0,303,74,50,59,35,35,50,0
623,Golurk,ground,ghost,2.8,330.0,483,124,80,89,55,55,80,0
624,Pawniard,dark,steel,0.5,10.2,340,85,70,45,60,40,40,0
625,Bisharp,dark,steel,1.6,70.0,490,125,100,65,70,60,70,0
626,Bouffalant,normal,,1.6,94.6,490,110,95,95,55,40,95,0
627,Rufflet,normal,flying,0.5,10.5,350,83,50,70,60,37,50,0
628,Braviary,normal,flying,1.5,41.0,510,123,75,100,80,57,75,0
629,Vullaby,dark,flying,0.5,9.0,370,55,75,70,60,45,65,0
630,Mandibuzz,dark,flying,1.2,39.5,510,65,105,110,80,55,95,0
631,Heatmor,fire,,1.4,58.0,484,97,66,85,65,105,66,0
632,Durant,bug,steel,0.3,33.0,484,109,112,58,109,48,48,0
633,Deino,dark,dragon,0.8,17.3,300,65,50,52,38,45,50,0
634,Zweilous,dark,dragon,1.4,50.0,420,85,70,72,58,65,70,0
635,Hydreigon,dark,dragon,1.8,160.0,600,105,90,92,98,125,90,0
636,Larvesta,bug,fire,1.1,28.8,360,85,55,55,60,50,55,0
637,Volcarona,bug,fire,1.6,46.0,550,60,65,85,100,135,105,0
638,Cobalion,steel,fighting,2.1,250.0,580,90,129,91,108,90,72,1
639,Terrakion,rock,fighting,1.9,260.0,580,129,90,91,108,72,90,1
640,Virizion,grass,fighting,2.0,200.0,580,90,72,91,108,90,129,1
641,Tornadus,flying,,1.5,63.0,580,100,80,79,121,110,90,1
642,Thundurus,electric,flying,1.5,61.0,580,105,70,79,101,145,80,1
643,Reshiram,dragon,fire,3.2,330.0,680,120,100,100,90,150,120,1
644,Zekrom,dragon,electric,2.9,345.0,680,150,120,100,90,120,100,1
645,Landorus,ground,flying,1.5,68.0,600,145,90,89,91,105,80,1
646,Kyurem,dragon,ice,3.0,325.0,700,120,90,125,95,170,100,1
647,Keldeo,water,fighting,1.4,48.5,580,72,90,91,108,129,90,1
648,Meloetta,normal,psychic,0.6,6.5,600,128,90,100,128,77,77,1
649,Genesect,bug,steel,1.5,82.5,600,120,95,71,99,120,95,1
650,Chespin,grass,,0.4,9.0,313,61,65,56,38,48,45,0
651,Quilladin,grass,,0.7,29.0,405,78,95,61,57,56,58,0
652,Chesnaught,grass,fighting,1.6,90.0,530,107,122,88,64,74,75,0
653,Fennekin,fire,,0.4,9.4,307,45,40,40,60,62,60,0
654,Braixen,fire,,1.0,14.5,409,59,58,59,73,90,70,0
655,Delphox,fire,psychic,1.5,39.0,534,69,72,75,104,114,100,0
656,Froakie,water,,0.3,7.0,314,56,40,41,71,62,44,0
657,Frogadier,water,,0.6,10.9,405,63,52,54,97,83,56,0
658,Greninja,water,dark,1.5,40.0,640,145,67,72,132,153,71,0
659,Bunnelby,normal,,0.4,5.0,237,36,38,38,57,32,36,0
660,Diggersby,normal,ground,1.0,42.4,423,56,77,85,78,50,77,0
661,Fletchling,normal,flying,0.3,1.7,278,50,43,45,62,40,38,0
662,Fletchinder,fire,flying,0.7,16.0,382,73,55,62,84,56,52,0
663,Talonflame,fire,flying,1.2,24.5,499,81,71,78,126,74,69,0
664,Scatterbug,bug,,0.3,2.5,200,35,40,38,35,27,25,0
665,Spewpa,bug,,0.3,8.4,213,22,60,45,29,27,30,0
666,Vivillon,bug,flying,1.2,17.0,411,52,50,80,89,90,50,0
667,Litleo,fire,normal,0.6,13.5,369,50,58,62,72,73,54,0
668,Pyroar,fire,normal,1.5,81.5,507,68,72,86,106,109,66,0
669,Flabébé,fairy,,0.1,0.1,303,38,39,44,42,61,79,0
670,Floette,fairy,,0.2,0.9,551,65,67,74,92,125,128,0
671,Florges,fairy,,1.1,10.0,552,65,68,78,75,112,154,0
672,Skiddo,grass,,0.9,31.0,350,65,48,66,52,62,57,0
673,Gogoat,grass,,1.7,91.0,531,100,62,123,68,97,81,0
674,Pancham,fighting,,0.6,8.0,348,82,62,67,43,46,48,0
675,Pangoro,fighting,dark,2.1,136.0,495,124,78,95,58,69,71,0
676,Furfrou,normal,,1.2,28.0,472,80,60,75,102,65,90,0
677,Espurr,psychic,,0.3,3.5,355,48,54,62,68,63,60,0
678,Meowstic,psychic,,0.6,8.5,466,48,76,74,104,83,81,0
679,Honedge,steel,ghost,0.8,2.0,325,80,100,45,28,35,37,0
680,Doublade,steel,ghost,0.8,4.5,448,110,150,59,35,45,49,0
681,Aegislash,steel,ghost,1.7,53.0,520,150,50,60,60,150,50,0
682,Spritzee,fairy,,0.2,0.5,341,52,60,78,23,63,65,0
683,Aromatisse,fairy,,0.8,15.5,462,72,72,101,29,99,89,0
684,Swirlix,fairy,,0.4,3.5,341,48,66,62,49,59,57,0
685,Slurpuff,fairy,,0.8,5.0,480,80,86,82,72,85,75,0
686,Inkay,dark,psychic,0.4,3.5,288,54,53,53,45,37,46,0
687,Malamar,dark,psychic,1.5,47.0,482,92,88,86,73,68,75,0
688,Binacle,rock,water,0.5,31.0,306,52,67,42,50,39,56,0
689,Barbaracle,rock,water,1.3,96.0,500,105,115,72,68,54,86,0
690,Skrelp,poison,water,0.5,7.3,320,60,60,50,30,60,60,0
691,Dragalge,poison,dragon,1.8,81.5,494,75,90,65,44,97,123,0
692,Clauncher,water,,0.5,8.3,330,53,62,50,44,58,63,0
693,Clawitzer,water,,1.3,35.3,500,73,88,71,59,120,89,0
694,Helioptile,electric,normal,0.5,6.0,289,38,33,44,70,61,43,0
695,Heliolisk,electric,normal,1.0,21.0,481,55,52,62,109,109,94,0
696,Tyrunt,rock,dragon,0.8,26.0,362,89,77,58,48,45,45,0
697,Tyrantrum,rock,dragon,2.5,270.0,521,121,119,82,71,69,59,0
698,Amaura,rock,ice,1.3,25.2,362,59,50,77,46,67,63,0
699,Aurorus,rock,ice,2.7,225.0,521,77,72,123,58,99,92,0
700,Sylveon,fairy,,1.0,23.5,525,65,65,95,60,110,130,0
701,Hawlucha,fighting,flying,0.8,21.5,500,92,75,78,118,74,63,0
702,Dedenne,electric,fairy,0.2,2.2,431,58,57,67,101,81,67,0
703,Carbink,rock,fairy,0.3,5.7,500,50,150,50,50,50,150,0
704,Goomy,dragon,,0.3,2.8,300,50,35,45,40,55,75,0
705,Sliggoo,dragon,,0.8,17.5,452,75,53,68,60,83,113,0
706,Goodra,dragon,,2.0,150.5,600,100,70,90,80,110,150,0
707,Klefki,steel,fairy,0.2,3.0,470,80,91,57,75,80,87,0
708,Phantump,ghost,grass,0.4,7.0,309,70,48,43,38,50,60,0
709,Trevenant,ghost,grass,1.5,71.0,474,110,76,85,56,65,82,0
710,Pumpkaboo,ghost,grass,0.8,15.0,335,66,70,59,41,44,55,0
711,Gourgeist,ghost,grass,1.7,39.0,494,100,122,85,54,58,75,0
712,Bergmite,ice,,1.0,99.5,304,69,85,55,28,32,35,0
713,Avalugg,ice,,2.0,505.0,514,117,184,95,28,44,46,0
714,Noibat,flying,dragon,0.5,8.0,245,30,35,40,55,45,40,0
715,Noivern,flying,dragon,1.5,85.0,535,70,80,85,123,97,80,0
716,Xerneas,fairy,,3.0,215.0,680,131,95,126,99,131,98,1
717,Yveltal,dark,flying,5.8,203.0,680,131,95,126,99,131,98,1
718,Zygarde,dragon,ground,5.0,284.6,708,100,121,216,85,91,95,1
719,Diancie,rock,fairy,0.7,8.8,700,160,110,50,110,160,110,1
720,Hoopa,psychic,ghost,,,680,160,60,80,80,170,130,1
721,Volcanion,fire,water,1.7,195.0,600,110,120,80,70,130,90,1
722,Rowlet,grass,flying,0.3,1.5,320,55,55,68,42,50,50,0
723,Dartrix,grass,flying,0.7,16.0,420,75,75,78,52,70,70,0
724,Decidueye,grass,ghost,1.6,36.6,530,107,75,78,70,100,100,0
725,Litten,fire,,0.4,4.3,320,65,40,45,70,60,40,0
726,Torracat,fire,,0.7,25.0,420,85,50,65,90,80,50,0
727,Incineroar,fire,dark,1.8,83.0,530,115,90,95,60,80,90,0
728,Popplio,water,,0.4,7.5,320,54,54,50,40,66,56,0
729,Brionne,water,,0.6,17.5,420,69,69,60,50,91,81,0
730,Primarina,water,fairy,1.8,44.0,530,74,74,80,60,126,116,0
731,Pikipek,normal,flying,0.3,1.2,265,75,30,35,65,30,30,0
732,Trumbeak,normal,flying,0.6,14.8,355,85,50,55,75,40,50,0
733,Toucannon,normal,flying,1.1,26.0,485,120,75,80,60,75,75,0
734,Yungoos,normal,,0.4,6.0,253,70,30,48,45,30,30,0
735,Gumshoos,normal,,0.7,14.2,418,110,60,88,45,55,60,0
736,Grubbin,bug,,0.4,4.4,300,62,45,47,46,55,45,0
737,Charjabug,bug,electric,0.5,10.5,400,82,95,57,36,55,75,0
738,Vikavolt,bug,electric,1.5,45.0,500,70,90,77,43,145,75,0
739,Crabrawler,fighting,,0.6,7.0,338,82,57,47,63,42,47,0
740,Crabominable,fighting,ice,1.7,180.0,478,132,77,97,43,62,67,0
741,Oricorio,fire,flying,0.6,3.4,476,70,70,75,93,98,70,0
742,Cutiefly,bug,fairy,0.1,0.2,304,45,40,40,84,55,40,0
743,Ribombee,bug,fairy,0.2,0.5,464,55,60,60,124,95,70,0
744,Rockruff,rock,,0.5,9.2,280,65,40,45,60,30,40,0
745,Lycanroc,rock,,,,487,115,75,85,82,55,75,0
746,Wishiwashi,water,,0.2,0.3,620,140,130,45,30,140,135,0
747,Mareanie,poison,water,0.4,8.0,305,53,62,50,45,43,52,0
748,Toxapex,poison,water,0.7,14.5,495,63,152,50,35,53,142,0
749,Mudbray,ground,,1.0,110.0,385,100,70,70,45,45,55,0
750,Mudsdale,ground,,2.5,920.0,500,125,100,100,35,55,85,0
751,Dewpider,water,bug,0.3,4.0,269,40,52,38,27,40,72,0
752,Araquanid,water,bug,1.8,82.0,454,70,92,68,42,50,132,0
753,Fomantis,grass,,0.3,1.5,250,55,35,40,35,50,35,0
754,Lurantis,grass,,0.9,18.5,480,105,90,70,45,80,90,0
755,Morelull,grass,fairy,0.2,1.5,285,35,55,40,15,65,75,0
756,Shiinotic,grass,fairy,1.0,11.5,405,45,80,60,30,90,100,0
757,Salandit,poison,fire,0.6,4.8,320,44,40,48,77,71,40,0
758,Salazzle,poison,fire,1.2,22.2,480,64,60,68,117,111,60,0
759,Stufful,normal,fighting,0.5,6.8,340,75,50,70,50,45,50,0
760,Bewear,normal,fighting,2.1,135.0,500,125,80,120,60,55,60,0
761,Bounsweet,grass,,0.3,3.2,210,30,38,42,32,30,38,0
762,Steenee,grass,,0.7,8.2,290,40,48,52,62,40,48,0
763,Tsareena,grass,,1.2,21.4,510,120,98,72,72,50,98,0
764,Comfey,fairy,,0.1,0.3,485,52,90,51,100,82,110,0
765,Oranguru,normal,psychic,1.5,76.0,490,60,80,90,60,90,110,0
766,Passimian,fighting,,2.0,82.8,490,120,90,100,80,40,60,0
767,Wimpod,bug,water,0.5,12.0,230,35,40,25,80,20,30,0
768,Golisopod,bug,water,2.0,108.0,530,125,140,75,40,60,90,0
769,Sandygast,ghost,ground,0.5,70.0,320,55,80,55,15,70,45,0
770,Palossand,ghost,ground,1.3,250.0,480,75,110,85,35,100,75,0
771,Pyukumuku,water,,0.3,1.2,410,60,130,55,5,30,130,0
772,Type: Null,normal,,1.9,120.5,534,95,95,95,59,95,95,0
773,Silvally,normal,,2.3,100.5,570,95,95,95,95,95,95,0
774,Minior,rock,flying,0.3,40.0,500,100,60,60,120,100,60,0
775,Komala,normal,,0.4,19.9,480,115,65,65,65,75,95,0
776,Turtonator,fire,dragon,2.0,212.0,485,78,135,60,36,91,85,0
777,Togedemaru,electric,steel,0.3,3.3,435,98,63,65,96,40,73,0
778,Mimikyu,ghost,fairy,0.2,0.7,476,90,80,55,96,50,105,0
779,Bruxish,water,psychic,0.9,19.0,475,105,70,68,92,70,70,0
780,Drampa,normal,dragon,3.0,185.0,485,60,85,78,36,135,91,0
781,Dhelmise,ghost,grass,3.9,210.0,517,131,100,70,40,86,90,0
782,Jangmo-o,dragon,,0.6,29.7,300,55,65,45,45,45,45,0
783,Hakamo-o,dragon,fighting,1.2,47.0,420,75,90,55,65,65,70,0
784,Kommo-o,dragon,fighting,1.6,78.2,600,110,125,75,85,100,105,0
785,Tapu Koko,electric,fairy,1.8,20.5,570,115,85,70,130,95,75,1
786,Tapu Lele,psychic,fairy,1.2,18.6,570,85,75,70,95,130,115,1
787,Tapu Bulu,grass,fairy,1.9,45.5,570,130,115,70,75,85,95,1
788,Tapu Fini,water,fairy,1.3,21.2,570,75,115,70,85,95,130,1
789,Cosmog,psychic,,0.2,0.1,200,29,31,43,37,29,31,1
790,Cosmoem,psychic,,0.1,999.9,400,29,131,43,37,29,131,1
791,Solgaleo,psychic,steel,3.4,230.0,680,137,107,137,97,113,89,1
792,Lunala,psychic,ghost,4.0,120.0,680,113,89,137,97,137,107,1
793,Nihilego,rock,poison,1.2,55.5,570,53,47,109,103,127,131,1
794,Buzzwole,bug,fighting,2.4,333.6,570,139,139,107,79,53,53,1
795,Pheromosa,bug,fighting,1.8,25.0,570,137,37,71,151,137,37,1
796,Xurkitree,electric,,3.8,100.0,570,89,71,83,83,173,71,1
797,Celesteela,steel,flying,9.2,999.9,570,101,103,97,61,107,101,1
798,Kartana,grass,steel,0.3,0.1,570,181,131,59,109,59,31,1
799,Guzzlord,dark,dragon,5.5,888.0,570,101,53,223,43,97,53,1
800,Necrozma,psychic,,2.4,230.0,600,107,101,97,79,127,89,1
801,Magearna,steel,fairy,1.0,80.5,600,95,115,80,65,130,115,1
